Product,Image viewing URL,Image display link,Picture,Price
Delfan Plus,https://drive.google.com/file/d/1CZogndxLgRb__Ch8qhxWDRXj7r-s44_J/view,https://drive.google.com/uc?id=1CZogndxLgRb__Ch8qhxWDRXj7r-s44_J,,233.649
Vbaci SP,https://drive.google.com/file/d/1RWFiJTplbWZUsKpfiXQOuaLG4Bz0rKV5/view,https://drive.google.com/uc?id=1RWFiJTplbWZUsKpfiXQOuaLG4Bz0rKV5,,0
Champion 57.6DP,https://drive.google.com/file/d/1qkfIxzhClIEvBNYRnTJWlYxI-I0DzHw4/view,https://drive.google.com/uc?id=1qkfIxzhClIEvBNYRnTJWlYxI-I0DzHw4,,296.323
Ridomil Gold 68WG,https://drive.google.com/file/d/11cfeQguU6Yfb1rfj5vKFsAVN2osxa4Fq/view,https://drive.google.com/uc?id=11cfeQguU6Yfb1rfj5vKFsAVN2osxa4Fq,,538.839
Tervigo 20SC,https://drive.google.com/file/d/1F1uayVPRKGLulbGi8uI7ohQmaZMXNn38/view,https://drive.google.com/uc?id=1F1uayVPRKGLulbGi8uI7ohQmaZMXNn38,,653.339
Tora 1.1SL,https://drive.google.com/file/d/1SCID5SJrPyQShvE3h1r1mdhrCTJ2zdUd/view,https://drive.google.com/uc?id=1SCID5SJrPyQShvE3h1r1mdhrCTJ2zdUd,,472.179
9 Rồng,,,,0
Amistar Top 325SC,https://drive.google.com/file/d/17m9LPG9hSKO1l5uOxRPRTa_wVpi63Dpl/view,https://drive.google.com/uc?id=17m9LPG9hSKO1l5uOxRPRTa_wVpi63Dpl,,1.263.889
Combo 600WG,https://drive.google.com/file/d/1RUCpThCQZaRk9E_VkkZia5x1PnI1A6yO/view,https://drive.google.com/uc?id=1RUCpThCQZaRk9E_VkkZia5x1PnI1A6yO,,249.765
Lân 2 chiều,,,,0
Incipio 100DC,https://drive.google.com/file/d/1W-F4BGa_fPBwIuqy1bGRklrADqkT2A0J/view,https://drive.google.com/uc?id=1W-F4BGa_fPBwIuqy1bGRklrADqkT2A0J,,2.550.000
Selecron 500EC,https://drive.google.com/file/d/15pLmwXCluO35u_gv1GMEHNSknwNo78wp/view,https://drive.google.com/uc?id=15pLmwXCluO35u_gv1GMEHNSknwNo78wp,,549.000
Opal 50WG,https://drive.google.com/file/d/1Z_fANUcLS_deG-PqHIBN2EzI1mdPhRrJ/view,https://drive.google.com/uc?id=1Z_fANUcLS_deG-PqHIBN2EzI1mdPhRrJ,,677.714
Anvil 5SC,https://drive.google.com/file/d/1rH5623jDL7lj2QzU4GmvoWuorSpfAWM6/view,https://drive.google.com/uc?id=1rH5623jDL7lj2QzU4GmvoWuorSpfAWM6,,269.931
Canxi Bo,,,,0
Xantocin 40WP,https://drive.google.com/file/d/1n21Uac8ysadX6CRRdT57ZhzdmsHotEEQ/view,https://drive.google.com/uc?id=1n21Uac8ysadX6CRRdT57ZhzdmsHotEEQ,,839.619
Amifol K,https://drive.google.com/file/d/1Ar1YGeLU7NBNABDTTeE_uKjOzjcXaAu0/view,https://drive.google.com/uc?id=1Ar1YGeLU7NBNABDTTeE_uKjOzjcXaAu0,,235.500
Banjo Forrte 400SC,https://drive.google.com/file/d/1n1LWhBN81RRj8zUbB_UaZ-mBnnLCHSUT/view,https://drive.google.com/uc?id=1n1LWhBN81RRj8zUbB_UaZ-mBnnLCHSUT,,0
Sinsmart,,,,0
Virtako 40WG,https://drive.google.com/file/d/1WsUt1iYC6P04LRhGSb8dbn_7bQe9Rv4x/view,https://drive.google.com/uc?id=1WsUt1iYC6P04LRhGSb8dbn_7bQe9Rv4x,,3.866.667
Revus Opti 440SC,https://drive.google.com/file/d/1vGlIrcQhYrhPz3eusQ6fVSbsvAokBMEh/view,https://drive.google.com/uc?id=1vGlIrcQhYrhPz3eusQ6fVSbsvAokBMEh,,556.040
Karate 2.5EC,https://drive.google.com/file/d/1juMInwWBSToyZ2zPOmWtXdTz1K3KaUYo/view,https://drive.google.com/uc?id=1juMInwWBSToyZ2zPOmWtXdTz1K3KaUYo,,216.644
Atas 500EC,https://drive.google.com/file/d/1BzqwsH4IWOreg6uJF-7j8q1PQ2KWrgig/view,https://drive.google.com/uc?id=1BzqwsH4IWOreg6uJF-7j8q1PQ2KWrgig,,154.988
Dual Gold 960EC,https://drive.google.com/file/d/14aYWLH2_bKhtbSlq54EMNc9-z2_hIug0/view,https://drive.google.com/uc?id=14aYWLH2_bKhtbSlq54EMNc9-z2_hIug0,,640.876
Seaweed,,,,0
Solo 350SC,https://drive.google.com/file/d/1nzDN4fy5_j-y68lRK_yapBMg5sj19BJA/view,https://drive.google.com/uc?id=1nzDN4fy5_j-y68lRK_yapBMg5sj19BJA,,794.114
Blastogan 75WP,https://drive.google.com/file/d/1XuaMHByT6ByMw2ZQa37yaPXMLAp9xWOs/view,https://drive.google.com/uc?id=1XuaMHByT6ByMw2ZQa37yaPXMLAp9xWOs,,873.333
Pexena 20WG,https://drive.google.com/file/d/16Z32_oi4GT8x-ByFgJsfDoiYM-Kmw6__/view,https://drive.google.com/uc?id=16Z32_oi4GT8x-ByFgJsfDoiYM-Kmw6__,,7.509.822
Michelle 62EC,https://drive.google.com/file/d/1g67_pHbNVtL1Te_mB2pPm1-U9xkPb23n/view,https://drive.google.com/uc?id=1g67_pHbNVtL1Te_mB2pPm1-U9xkPb23n,,223.093